State,Name of the ULB,Total Population 2011
ARUNACHAL PRADESH,Naharlagun (NT),36158
ASSAM,Kokrajhar (MB),34136
ASSAM,Gauripur (TC),25124
ASSAM,Bilasipara (TC),37410
ASSAM,Barpeta Road (MB),35571
ASSAM,Barpeta (MB),42649
ASSAM,Marigaon (MB),29164
ASSAM,Hojai (MB),36638
ASSAM,Lumding (MB),31347
ASSAM,Lanka (MB),36805
ASSAM,Silapathar (TC),25662
ASSAM,Margherita (TC),26914
ASSAM,Golaghat (MB),41989
ASSAM,Haflong (TC),43756
ASSAM,Hailakandi (MB),33637
ASSAM,Rangia (MB),27889
ASSAM,Nalbari (MB),27839
ASSAM,Mangaldoi (MB),25989
HIMACHAL PRADESH,Mandi (M Cl),26422
HIMACHAL PRADESH,Baddi (M Cl),25639
HIMACHAL PRADESH,Solan (M Cl),39256
HIMACHAL PRADESH,Nahan (M Cl),28899
HIMACHAL PRADESH,Paonta Sahib (M Cl),25183
JAMMU AND KASHMIR,Punch (M Cl),26854
JAMMU AND KASHMIR,Rajauri (MC),29486
JAMMU AND KASHMIR,Bandipore (MC),37081
JAMMU AND KASHMIR,Ganderbal (MC),28233
JAMMU AND KASHMIR,Udhampur (M Cl),35507
LADAKH,Leh Ladakh (MC),30870
MANIPUR,Thoubal (MCI),45947
MANIPUR,Kakching (M Cl),32138
MEGHALAYA,Nongstoin (TC),28742
MEGHALAYA,Jowai (M),28430
MIZORAM,Champhai (NT),32734
MIZORAM,Saiha (NT),25110
NAGALAND,Mon (TC),26328
NAGALAND,Mokokchung (MC),35913
NAGALAND,Wokha (TC),35004
NAGALAND,Chumukedima (TC),25885
NAGALAND,Tuensang (TC),36774
TRIPURA,Udaipur (NP),32758
TRIPURA,Dharmanagar (NP),40595
UTTARAKHAND,Mussoorie (NPP),30118
UTTARAKHAND,Pauri (NPP),25440
UTTARAKHAND,Kotdwara (NPP),28859
UTTARAKHAND,Almora (NPP),34122
UTTARAKHAND,Nainital (NPP),41377
UTTARAKHAND,Bajpur (NPP),25524
UTTARAKHAND,Kichha (NPP),41965
UTTARAKHAND,Sitarganj (NPP),29965
ANDHRA PRADESH,Amalapuram (M),53231
ANDHRA PRADESH,Anakapalle (M),86519
ANDHRA PRADESH,Badvel (M),70626
ANDHRA PRADESH,Bapatla (M),70777
ANDHRA PRADESH,Bheemunipatnam (M),52110
ANDHRA PRADESH,Bobbili (M),56819
ANDHRA PRADESH,Chirala (M),87200
ANDHRA PRADESH,Dhone (NP),59272
ANDHRA PRADESH,Gudur (M),60625
ANDHRA PRADESH,Jaggaiahpet (M),53530
ANDHRA PRADESH,Kadiri (M),89429
ANDHRA PRADESH,Kandukur (M),57246
ANDHRA PRADESH,Kavali (M),82336
ANDHRA PRADESH,Macherla (M),57290
ANDHRA PRADESH,Mandapeta (M),53633
ANDHRA PRADESH,Mangalagiri (M),73613
ANDHRA PRADESH,Markapur (M),71092
ANDHRA PRADESH,Nagari (M),62253
ANDHRA PRADESH,Narasapur (M),58770
ANDHRA PRADESH,Nuzvid (M),58590
ANDHRA PRADESH,Palacole (M),61284
ANDHRA PRADESH,Palamaner (M),51163
ANDHRA PRADESH,Palasa Kasibugga (M),57507
ANDHRA PRADESH,Parvathipuram (M),53844
ANDHRA PRADESH,Piduguralla (NP),63103
ANDHRA PRADESH,Pithapuram (M),52360
ANDHRA PRADESH,Ponnur (M),59913
ANDHRA PRADESH,Pulivendla (M),65706
ANDHRA PRADESH,Punganur (M),54746
ANDHRA PRADESH,Puttur (M),54092
ANDHRA PRADESH,Rayachoti (M),91234
ANDHRA PRADESH,Rayadurg (M),61749
ANDHRA PRADESH,Repalle (M),50866
ANDHRA PRADESH,Samalkot (M),56864
ANDHRA PRADESH,Sattenapalle (M),56721
ANDHRA PRADESH,Srikalahasti (M),80056
ANDHRA PRADESH,Tadepalle (M),54406
ANDHRA PRADESH,Tanuku (M),72348
ANDHRA PRADESH,Tuni (M),53425
ANDHRA PRADESH,Venkatagiri (M),51708
ANDHRA PRADESH,Vinukonda (M),59725
ANDHRA PRADESH,Yemmiganur (M),95149
ARUNACHAL PRADESH,Itanagar (NT),59490
ASSAM,Bongaigaon (MB),67322
ASSAM,Dhubri (MB),63388
ASSAM,Diphu (TC),61797
ASSAM,Goalpara (MB),53430
ASSAM,Jorhat (MB),71782
ASSAM,Karimganj (MB),56854
ASSAM,North Lakhimpur (MB),59814
ASSAM,Sivasagar (MB),50781
ASSAM,Tezpur (MB),58559
ASSAM,Tinsukia (MB),99448
BIHAR,Araria (Nagar Parishad),79021
BIHAR,Arwal (Nagar Parishad),51849
BIHAR,Barauni (Nagar Parishad),71660
BIHAR,Barh (Nagar Parishad),61470
BIHAR,Benipur (Nagar Parishad),75317
BIHAR,Bhabua (Nagar Parishad),50179
BIHAR,Bihat (Nagar Parishad),67952
BIHAR,Daudnagar (NP),52364
BIHAR,Dumraon (Nagar Parishad),53618
BIHAR,Fatwah (NP),50961
BIHAR,Forbesganj (Nagar Parishad),50475
BIHAR,Gopalganj (Nagar Parishad),67339
BIHAR,Hilsa (Nagar Parishad),51052
BIHAR,Jamui (Nagar Parishad),87357
BIHAR,Lakhisarai (Nagar Parishad),99979
BIHAR,Madhepura (Nagar Parishad),54472
BIHAR,Madhubani (Nagar Parishad),75736
BIHAR,Masaurhi (Nagar Parishad),59803
BIHAR,Mokameh (Nagar Parishad),60678
BIHAR,Nawada (Nagar Parishad),98029
BIHAR,Phulwari Sharif (Nagar Parishad),81740
BIHAR,Raxaul Bazar  (Nagar Parishad),55536
BIHAR,Samastipur (Nagar Parishad),62935
BIHAR,Sheikhpura (Nagar Parishad),62927
BIHAR,Sitamarhi (Nagar Parishad),67818
BIHAR,Sultanganj (Nagar Parishad),52892
BIHAR,Supaul (Nagar Parishad),65437
BIHAR,Teghra (NP),56234
CHHATTISGARH,Bhatapara (M),57537
CHHATTISGARH,Bhilai Charoda (M),98008
CHHATTISGARH,Birgaon (M),96294
CHHATTISGARH,Chirmiri (M.Corp) ,85317
CHHATTISGARH,Dhamtari (M),89860
CHHATTISGARH,Mahasamund (M),53783
DADRA & NAGAR HAVELI,Silvassa (M CI),98265
GOA,Margao (M Cl),87650
GOA,Mormugao (M Cl),94393
GUJARAT,Anjar (M),87183
GUJARAT,Anklesvar (M),73928
GUJARAT,Bardoli (M),60821
GUJARAT,Bilimora (M),53187
GUJARAT,Borsad (M),63377
GUJARAT,Dabhoi (M),51240
GUJARAT,Dholka (M),79531
GUJARAT,Dhoraji (M),84545
GUJARAT,Dhrangadhra (M),75133
GUJARAT,Dohad (M),94578
GUJARAT,Halol (M),59605
GUJARAT,Himatnagar (M),81137
GUJARAT,Kadi (M),73228
GUJARAT,Keshod (M),76193
GUJARAT,Khambhat (M),83715
GUJARAT,Mahuva (M),82772
GUJARAT,Mandvi (M),51376
GUJARAT,Mangrol (M),63794
GUJARAT,Modasa (M),67648
GUJARAT,Okha (M),62052
GUJARAT,Palitana (M),64497
GUJARAT,Petlad (M),55330
GUJARAT,Savarkundla (M),78354
GUJARAT,Sidhpur (M),56402
GUJARAT,Sihor (M),54547
GUJARAT,Una (M),58528
GUJARAT,Unjha (M),57108
GUJARAT,Upleta (M),58775
GUJARAT,Vijalpor (M),81245
GUJARAT,Viramgam (M),55821
GUJARAT,Visnagar (M),63073
GUJARAT,Wadhwan (M),75755
HARYANA,Charkhi Dadri (MC),56337
HARYANA,Fatehabad (M Cl),70777
HARYANA,Gohana (MC),65708
HARYANA,Hansi (M Cl),86770
HARYANA,Hodal (MC),50143
HARYANA,Mandi Dabwali (MC),52873
HARYANA,Narnaul (M Cl),74581
HARYANA,Narwana (M Cl),62090
HARYANA,Tohana (M Cl),63871
JAMMU AND KASHMIR,Baramula (M Cl),58053
JAMMU AND KASHMIR,Kathua (M Cl),51991
JAMMU AND KASHMIR,Sopore (M Cl),61098
JHARKHAND,Chaibasa (Nagar Parishad),69565
JHARKHAND,Chakardharpur (Nagar Parishad),56531
JHARKHAND,Gumla (NP),51264
JHARKHAND,Jhumri Tilaiya (Nagar Parishad),87867
JHARKHAND,Lohardaga (Nagar Parishad),57411
JHARKHAND,Madhupur (Nagar Parishad),55238
JHARKHAND,Medininagar (Daltonganj) (Nagar Parishad),78396
JHARKHAND,Phusro (Nagar Parishad),89178
JHARKHAND,Sahibganj (Nagar Parishad),88214
KARNATAKA,Arsikere (TMC),51336
KARNATAKA,Basavakalyan (CMC),69717
KARNATAKA,Challakere (TMC),55194
KARNATAKA,Chamarajanagar (CMC),69875
KARNATAKA,Channapatna (CMC),71942
KARNATAKA,Chikkaballapura (CMC),63652
KARNATAKA,Chintamani (CMC),76068
KARNATAKA,Dandeli (CMC),52069
KARNATAKA,Dod Ballapur (CMC),84642
KARNATAKA,Gokak (CMC),79121
KARNATAKA,Harihar (CMC),77447
KARNATAKA,Haveri (CMC),67102
KARNATAKA,Hiriyur (TMC),56416
KARNATAKA,Hosakote (TMC),56980
KARNATAKA,Hunsur (TMC),50865
KARNATAKA,Ilkal (CMC),60242
KARNATAKA,Jamkhandi (CMC),68938
KARNATAKA,Kanakapura (TMC),54014
KARNATAKA,Karwar (CMC),63755
KARNATAKA,Kollegal (CMC),57149
KARNATAKA,Koppal (CMC),70698
KARNATAKA,Mudhol (TMC),52199
KARNATAKA,Mulbagal (TMC),57276
KARNATAKA,Nanjangud (TMC),50598
KARNATAKA,Nipani  (CMC),62865
KARNATAKA,Puttur (TMC),53061
KARNATAKA,Rabkavi Banhatti (CMC),77004
KARNATAKA,Ramanagara (CMC),95167
KARNATAKA,Sagar (CMC),54550
KARNATAKA,Shahpur (TMC),53366
KARNATAKA,Shorapur (TMC),51398
KARNATAKA,Sidlaghatta (TMC),51159
KARNATAKA,Sindhnur (CMC),75837
KARNATAKA,Sira (CMC),57554
KARNATAKA,Sirsi (CMC),62882
KARNATAKA,Siruguppa (TMC),52492
KARNATAKA,Tiptur (CMC),59543
KARNATAKA,Ullal (TMC),53773
KARNATAKA,Yadgir (CMC),74294
KERALA,Kalamassery (M),71038
KERALA,Kanhangad (M),73342
KERALA,Kannur (M),56823
KERALA,Kasaragod (M),54172
KERALA,Kayamkulam (M),68634
KERALA,Kottayam (M),55374
KERALA,Kunnamkulam (M),54071
KERALA,Malappuram (M),68127
KERALA,Manjeri (M),97102
KERALA,Nedumangad (M),60161
KERALA,Neyyattinkara (M),70850
KERALA,Ottappalam (M),53792
KERALA,Payyannur (M),72111
KERALA,Ponnani (M),90491
KERALA,Quilandy (M),71873
KERALA,Taliparamba (M),72465
KERALA,Thalassery (M),92558
KERALA,Thiruvalla (M),52883
KERALA,Thodupuzha (M),52045
KERALA,Thrippunithura (M),69390
KERALA,Tirur (M),56058
KERALA,Vadakara (M),75295
MADHYA PRADESH,Ashoknagar (M),81828
MADHYA PRADESH,Ashta (M),51824
MADHYA PRADESH,Balaghat (M),84261
MADHYA PRADESH,Barwani (M),55504
MADHYA PRADESH,Basoda (M),71353
MADHYA PRADESH,Bina- Etawa (M),64529
MADHYA PRADESH,Dabra (M),61277
MADHYA PRADESH,Dhar (M),93917
MADHYA PRADESH,Gohad (M),58939
MADHYA PRADESH,Harda (M),68162
MADHYA PRADESH,Itarsi (M),99329
MADHYA PRADESH,Jaora (M),72847
MADHYA PRADESH,Khurai (M),51108
MADHYA PRADESH,Kolar (M),87882
MADHYA PRADESH,Mandideep (M),59654
MADHYA PRADESH,Narsimhapur (M),58665
MADHYA PRADESH,Panna (M),50820
MADHYA PRADESH,Raghogarh -Vijaypur (M),62163
MADHYA PRADESH,Sarni (M),86141
MADHYA PRADESH,Sendhwa (M),56485
MADHYA PRADESH,Shahdol (M),86681
MADHYA PRADESH,Shajapur (M),69263
MADHYA PRADESH,Sheopur (M),68820
MADHYA PRADESH,Shujalpur (M),51225
MADHYA PRADESH,Sidhi (M),54331
MADHYA PRADESH,Sironj (M),52460
MADHYA PRADESH,Tikamgarh (M),79106
MAHARASHTRA,Akot (M Cl),92637
MAHARASHTRA,Amalner (M Cl) ,95994
MAHARASHTRA,Ambejogai (M Cl),73975
MAHARASHTRA,Anjangaon (M Cl),56380
MAHARASHTRA,Ballarpur (M Cl),89452
MAHARASHTRA,Baramati (M Cl),54415
MAHARASHTRA,Basmath (M Cl),68846
MAHARASHTRA,Bhadravati (M Cl),60565
MAHARASHTRA,Bhandara (M Cl),91845
MAHARASHTRA,Buldana (M Cl),67431
MAHARASHTRA,Chalisgaon(M Cl),97551
MAHARASHTRA,Chikhli (M Cl),57889
MAHARASHTRA,Chiplun (M Cl),55139
MAHARASHTRA,Chopda (M Cl) ,72783
MAHARASHTRA,Dahanu (M Cl),50287
MAHARASHTRA,Deglur (M Cl),54493
MAHARASHTRA,Gadchiroli (M Cl),54152
MAHARASHTRA,Hingoli (M Cl),85103
MAHARASHTRA,Kamptee (M Cl),86793
MAHARASHTRA,Karad (M Cl),53879
MAHARASHTRA,Karanja (M Cl),67907
MAHARASHTRA,Khamgaon (M Cl),94191
MAHARASHTRA,Khopoli (M Cl),71141
MAHARASHTRA,Kopargaon (M Cl),65273
MAHARASHTRA,Lonavala (M Cl),57698
MAHARASHTRA,Malkapur (M Cl),67740
MAHARASHTRA,Manmad (M Cl),80058
MAHARASHTRA,Pachora (M Cl) ,59609
MAHARASHTRA,Palghar (M Cl),68930
MAHARASHTRA,Pandharpur (M Cl),98923
MAHARASHTRA,Parli (M Cl),90975
MAHARASHTRA,Phaltan (M Cl),52118
MAHARASHTRA,Pusad (M Cl),73046
MAHARASHTRA,Ratnagiri (M Cl),76229
MAHARASHTRA,Sangamner (M Cl),65804
MAHARASHTRA,Shahade (M Cl),61376
MAHARASHTRA,Shegaon (M Cl),59672
MAHARASHTRA,Shirpur-Warwade (M Cl) ,76905
MAHARASHTRA,Shrirampur (M Cl),89282
MAHARASHTRA,Sillod (M Cl),58230
MAHARASHTRA,Sinnar (M Cl),65299
MAHARASHTRA,Talegaon Dabhade (M Cl),56435
MAHARASHTRA,Umred (M Cl),53971
MAHARASHTRA,Uran Islampur (M Cl),67391
MAHARASHTRA,Wani (M Cl),58840
MAHARASHTRA,Washim (M Cl),78387
MEGHALAYA,Tura (M),74858
MIZORAM,Lunglei (NT),57011
NAGALAND,Kohima (MC),99039
ODISHA,Balangir (M),98238
ODISHA,Barbil (M),66540
ODISHA,Bargarh (M),80625
ODISHA,Bhawanipatna (M),69045
ODISHA,Brajarajnagar (M),80403
ODISHA,Dhenkanal (M),67414
ODISHA,Jatani (M),55925
ODISHA,Jeypur (M),84830
ODISHA,Jharsuguda (M),97730
ODISHA,Kendujhar (M),60590
ODISHA,Paradip (M),68585
ODISHA,Rajagangapur (M),51362
ODISHA,Rayagada (M),71208
ODISHA,Sunabeda (NAC).,50394
PUDUCHERRY,Karaikal (M),86838
PUDUCHERRY,Yanam (M),55626
PUNJAB,Dhuri (M Cl),55225
PUNJAB,Faridkot (M Cl),85435
PUNJAB,Fazilka (M Cl),76492
PUNJAB,Gobindgarh (M Cl),73130
PUNJAB,Gurdaspur (M Cl),75549
PUNJAB,Jagraon (M Cl),65240
PUNJAB,Kapurthala (M Cl),98916
PUNJAB,Kharar (M Cl),74460
PUNJAB,Kot Kapura (M Cl),91979
PUNJAB,Malout (M Cl),81406
PUNJAB,Mansa (M Cl),82956
PUNJAB,Nabha (M Cl),67972
PUNJAB,Naya Gaon (NP),50869
PUNJAB,Phagwara (M Cl),97864
PUNJAB,Rajpura (M Cl),92301
PUNJAB,Rupnagar (M Cl),56038
PUNJAB,Samana (M Cl),54072
PUNJAB,Sangrur (M Cl),88043
PUNJAB,Sirhind Fatehgarh Sahib (M Cl),58097
PUNJAB,Sunam Udham Singh Wala (M Cl),55455
PUNJAB,Tarn Taran (M Cl),66847
PUNJAB,Zirakpur (M Cl),95553
RAJASTHAN,Abu Road (M),52363
RAJASTHAN,Balotra (M),74496
RAJASTHAN,Banswara (M),99969
RAJASTHAN,Bari (M),62721
RAJASTHAN,Barmer (M),96225
RAJASTHAN,Chomu (M),64417
RAJASTHAN,Dausa (M),85960
RAJASTHAN,Didwana (M),53328
RAJASTHAN,Dungargarh (M),53294
RAJASTHAN,Fatehpur (M),92595
RAJASTHAN,Jaisalmer (M),65471
RAJASTHAN,Jalor (M),54081
RAJASTHAN,Jhalawar (M),66919
RAJASTHAN,Karauli (M),82960
RAJASTHAN,Kuchaman City (M),61969
RAJASTHAN,Lachhmangarh (M),53392
RAJASTHAN,Ladnu (M),65575
RAJASTHAN,Makrana (M),93094
RAJASTHAN,Nawalgarh (M),63948
RAJASTHAN,Nimbahera (M),61949
RAJASTHAN,Nokha (M),62699
RAJASTHAN,Rajgarh (M),59193
RAJASTHAN,Rajsamand (M),67798
RAJASTHAN,Ratangarh (M),71124
RAJASTHAN,Sardarshahar (M),95911
RAJASTHAN,Suratgarh (M),70536
TAMIL NADU,Anaiyur (M),63917
TAMIL NADU,Arakonam (M),78395
TAMIL NADU,Arani (M),63671
TAMIL NADU,Arcot (M),55955
TAMIL NADU,Aruppukkottai (M),87722
TAMIL NADU,Attur (M),61793
TAMIL NADU,Avaniapuram (M),89635
TAMIL NADU,Bodinayakanur (M),75675
TAMIL NADU,Chengalpattu (M),62579
TAMIL NADU,Chidambaram (M),62153
TAMIL NADU,Devakottai (M),51865
TAMIL NADU,Dharapuram (M),56007
TAMIL NADU,Dharmapuri (M),68619
TAMIL NADU,Edappadi (M),54823
TAMIL NADU,Gobichettipalayam (M),59523
TAMIL NADU,Goundampalayam (M),83908
TAMIL NADU,Gudiyatham (M),91558
TAMIL NADU,Inam Karur (M),67131
TAMIL NADU,Kadayanallur (M),90364
TAMIL NADU,Kallakkurichi (M),52507
TAMIL NADU,Kambam (M),68090
TAMIL NADU,Karur (M),70980
TAMIL NADU,Kasipalayam  (E) (M),73425
TAMIL NADU,Kovilpatti (M),95057
TAMIL NADU,Krishnagiri (M),71323
TAMIL NADU,Kumarapalayam (M),71594
TAMIL NADU,Kuniyamuthur (M),95924
TAMIL NADU,Maduravoyal (M),86195
TAMIL NADU,Mannargudi (M),66999
TAMIL NADU,Maraimalainagar (M),81872
TAMIL NADU,Mayiladuthurai (M),85632
TAMIL NADU,Mettupalayam (M),69213
TAMIL NADU,Mettur (M),52813
TAMIL NADU,Namakkal (M),55145
TAMIL NADU,Palani (M),70467
TAMIL NADU,Pammal (M),75870
TAMIL NADU,Panruti (M),60323
TAMIL NADU,Paramakudi (M),95579
TAMIL NADU,Pattukkottai (M),73135
TAMIL NADU,Periyasemur (M),55282
TAMIL NADU,Pernampattu (M),51271
TAMIL NADU,Pollachi (M),90180
TAMIL NADU,Poonamallee (M),57224
TAMIL NADU,Puliankudi (M),66034
TAMIL NADU,Puzhithivakkam (Ullagaram) (M),53322
TAMIL NADU,Ramanathapuram (M),61440
TAMIL NADU,Ranipettai (M),50764
TAMIL NADU,Rasipuram (M),50244
TAMIL NADU,S.Nallur (M),70115
TAMIL NADU,Sankarankoil (M),57277
TAMIL NADU,Sathuvachari (M),56951
TAMIL NADU,Sivakasi (M),71040
TAMIL NADU,Srivilliputhur (M),75396
TAMIL NADU,Tenkasi (M),70545
TAMIL NADU,Thanthoni (M),53854
TAMIL NADU,Theni Allinagaram (M),94453
TAMIL NADU,Thirumangalam (M),51194
TAMIL NADU,Thiruthangal (M),55362
TAMIL NADU,Thiruvallur (M),56074
TAMIL NADU,Thiruvarur (M),58301
TAMIL NADU,Tindivanam (M),72796
TAMIL NADU,Tiruchengode (M),95335
TAMIL NADU,Tirupathur (M),64125
TAMIL NADU,Tiruverkadu (M),62824
TAMIL NADU,Udhagamandalam (M),88430
TAMIL NADU,Udumalaipettai  (M),61133
TAMIL NADU,Valparai (M),70859
TAMIL NADU,Vaniyambadi (M),95061
TAMIL NADU,Veerappanchatiram (M),84453
TAMIL NADU,Velampalayam (M),87427
TAMIL NADU,Viluppuram (M),96253
TAMIL NADU,Virudhachalam (M),73585
TAMIL NADU,Virudhunagar (M),72296
TELANGANA,Bellampalle (M),55841
TELANGANA,Bhongir (M),53339
TELANGANA,Bodhan (M),77573
TELANGANA,Gadwal (M),57569
TELANGANA,Jagtial (M),96460
TELANGANA,Jangaon (M),52394
TELANGANA,Kagaznagar (M),57583
TELANGANA,Kamareddy (M),80315
TELANGANA,Koratla (M),66504
TELANGANA,Kothagudem (M),79819
TELANGANA,Mancherial (M),86911
TELANGANA,Mandamarri (M),52352
TELANGANA,Metpalle (M),50902
TELANGANA,Nirmal (M),88433
TELANGANA,Palwancha (M),80199
TELANGANA,Sangareddy (M),71376
TELANGANA,Siddipet (M),65158
TELANGANA,Sircilla (M),75550
TELANGANA,Tandur (M),65115
TELANGANA,Vicarabad (M),53143
TELANGANA,Wanaparthy (M),60949
TELANGANA,Zahirabad (M),50532
UTTAR PRADESH,Aonla (NPP),55629
UTTAR PRADESH,Atrauli (NPP),50412
UTTAR PRADESH,Auraiya (NPP),87736
UTTAR PRADESH,Ayodhya (NPP),55890
UTTAR PRADESH,Baghpat (NPP),50310
UTTAR PRADESH,Baheri (NPP),68413
UTTAR PRADESH,Balrampur (NPP),81054
UTTAR PRADESH,Bela Pratapgarh (NPP),76133
UTTAR PRADESH,Bhadohi (NPP),94620
UTTAR PRADESH,Bijnor (NPP),93297
UTTAR PRADESH,Bisalpur (NPP),73551
UTTAR PRADESH,Biswan (NPP),55780
UTTAR PRADESH,Chandpur (NPP),83441
UTTAR PRADESH,Chhibramau (NPP),60986
UTTAR PRADESH,Chitrakoot Dham (Karwi) (NPP),57402
UTTAR PRADESH,Dadri (NPP),91189
UTTAR PRADESH,Deoband (NPP),97037
UTTAR PRADESH,Dhampur (NPP),50997
UTTAR PRADESH,Faridpur (NPP),78249
UTTAR PRADESH,Gajraula (NP),55048
UTTAR PRADESH,Gangaghat (NPP),84072
UTTAR PRADESH,Gangoh (NPP),59279
UTTAR PRADESH,Gola Gokaran Nath (NPP),60172
UTTAR PRADESH,Gulaothi (NPP),50823
UTTAR PRADESH,Hasanpur (NPP),61243
UTTAR PRADESH,Jahangirabad (NPP),59858
UTTAR PRADESH,Jalaun (NPP),56909
UTTAR PRADESH,Kairana (NPP),89000
UTTAR PRADESH,Kalpi (NPP),51670
UTTAR PRADESH,Kannauj (NPP),84862
UTTAR PRADESH,Khatauli (NPP),72949
UTTAR PRADESH,Kiratpur (NPP),61186
UTTAR PRADESH,Konch (NPP),53412
UTTAR PRADESH,Kosi Kalan (NPP),53307
UTTAR PRADESH,Laharpur (NPP),61990
UTTAR PRADESH,Mahmudabad (NPP),50777
UTTAR PRADESH,Mahoba (NPP),95216
UTTAR PRADESH,Mauranipur (NPP),58229
UTTAR PRADESH,Mawana (NPP),81443
UTTAR PRADESH,Mubarakpur (NPP),70463
UTTAR PRADESH,Muradnagar (NPP),95208
UTTAR PRADESH,Nagina (NPP),95246
UTTAR PRADESH,Najibabad (NPP),88535
UTTAR PRADESH,Nawabganj (NPP),81163
UTTAR PRADESH,Pilkhuwa (NPP),83736
UTTAR PRADESH,Rath (NPP),65056
UTTAR PRADESH,Sahaswan (NPP),66204
UTTAR PRADESH,Sandila (NPP),58346
UTTAR PRADESH,Sardhana (NPP),58252
UTTAR PRADESH,Shahabad (NPP),80226
UTTAR PRADESH,Sherkot (NPP),62226
UTTAR PRADESH,Sikandrabad (NPP),81028
UTTAR PRADESH,Tanda (NPP),95516
UTTAR PRADESH,Tilhar (NPP),61444
UTTAR PRADESH,Tundla (NPP),50423
UTTAR PRADESH,Ujhani (NPP),62039
UTTAR PRADESH,Vrindavan (NPP),63005
UTTARAKHAND,Jaspur (NPP),50523
UTTARAKHAND,Manglaur (NPP),52971
UTTARAKHAND,Pithoragarh (NPP),56044
UTTARAKHAND,Ramnagar (NPP),54787
UTTARAKHAND,Rishikesh (NPP),70499
WEST BENGAL,Alipurduar (M),65232
WEST BENGAL,Arambag (M),66175
WEST BENGAL,Baduria (M),52493
WEST BENGAL,Baruipur (M),53128
WEST BENGAL,Bishnupur (M),67783
WEST BENGAL,Bolpur (M),80210
WEST BENGAL,Budge Budge (M),76837
WEST BENGAL,Chakdaha (M),95203
WEST BENGAL,Contai (M),92226
WEST BENGAL,Dankuni (M),94936
WEST BENGAL,Dhulian (M),95706
WEST BENGAL,Gangarampur (M),56217
WEST BENGAL,Garulia (M),85336
WEST BENGAL,Gayespur (M),58998
WEST BENGAL,Ghatal (M),54591
WEST BENGAL,Islampur (M),54340
WEST BENGAL,Jangipur (M),88165
WEST BENGAL,Jhargram (M),61712
WEST BENGAL,Jiaganj-Azimganj (M),51790
WEST BENGAL,Kaliaganj (M),53530
WEST BENGAL,Kalna (M),56722
WEST BENGAL,Kandi (M),55632
WEST BENGAL,Katwa (M),81615
WEST BENGAL,Koch Bihar (M),77935
WEST BENGAL,Konnagar (M),76172
WEST BENGAL,New Barrackpore (M),76846
WEST BENGAL,Old Malda (M),84012
WEST BENGAL,Panskura (M),57932
WEST BENGAL,Rampurhat (M),57833
WEST BENGAL,Ranaghat (M),75365
WEST BENGAL,Suri (M),67864
WEST BENGAL,Tamluk (M),65306
ANDAMAN & NICOBAR ISLANDS,Port Blair (M Cl),108058
ANDHRA PRADESH,Srikakulam (M),125939
ANDHRA PRADESH,Vizianagaram (M),228025
ANDHRA PRADESH,Rajahmundry (M Corp.),341831
ANDHRA PRADESH,Kakinada (M Corp.),312538
ANDHRA PRADESH,Tadepalligudem (M),103906
ANDHRA PRADESH,Eluru (M Corp.),203780
ANDHRA PRADESH,Bhimavaram (M),142184
ANDHRA PRADESH,Gudivada (M),118167
ANDHRA PRADESH,Machilipatnam (M),169892
ANDHRA PRADESH,Narasaraopet (M),116250
ANDHRA PRADESH,Chilakaluripet (M),101398
ANDHRA PRADESH,Tenali (M),164937
ANDHRA PRADESH,Ongole (M),204746
ANDHRA PRADESH,Nellore (M Corp.),499575
ANDHRA PRADESH,Proddatur (M),162717
ANDHRA PRADESH,Kadapa (M Corp.),343054
ANDHRA PRADESH,Kurnool (M Corp.),430214
ANDHRA PRADESH,Adoni (M),166344
ANDHRA PRADESH,Nandyal (M),200516
ANDHRA PRADESH,Guntakal (M),126270
ANDHRA PRADESH,Tadpatri (M),108171
ANDHRA PRADESH,Anantapur (M Corp.),261004
ANDHRA PRADESH,Dharmavaram (M),121874
ANDHRA PRADESH,Hindupur (M),151677
ANDHRA PRADESH,Tirupati (M Corp.),287482
ANDHRA PRADESH,Madanapalle (M),136414
ANDHRA PRADESH,Chittoor (M),153756
ASSAM,Nagaon (MB),117722
ASSAM,Dibrugarh (MB),139565
ASSAM,Silchar (MB),172830
BIHAR,Bagaha (Nagar Parishad),112634
BIHAR,Bettiah (Nagar Parishad),132209
BIHAR,Motihari (Nagar Parishad),126158
BIHAR,Kishanganj (Nagar Parishad),105782
BIHAR,Purnia (M Corp.),282248
BIHAR,Katihar (M Corp.),226261
BIHAR,Saharsa (Nagar Parishad),156540
BIHAR,Darbhanga (M Corp.),296039
BIHAR,Muzaffarpur (M Corp.),354462
BIHAR,Siwan (Nagar Parishad),135066
BIHAR,Chapra (Nagar Parishad),202352
BIHAR,Hajipur (Nagar Parishad),147688
BIHAR,Begusarai (M Corp.) ,252008
BIHAR,Bhagalpur (M Corp.),400146
BIHAR,Munger (M Corp.),213303
BIHAR,Jamalpur (Nagar Parishad),105434
BIHAR,Biharsharif (M Corp.),297268
BIHAR,Dinapur Nizamat (Nagar Parishad),182429
BIHAR,Arrah (M Corp.),261430
BIHAR,Buxar (Nagar Parishad),102861
BIHAR,Sasaram (Nagar Parishad),147408
BIHAR,Dehri (Nagar Parishad),137231
BIHAR,Aurangabad (Nagar Parishad),102244
BIHAR,Gaya (M Corp.),468614
BIHAR,Jehanabad (Nagar Parishad) ,103202
CHHATTISGARH,Ambikapur (M Corp.),112449
CHHATTISGARH,Raigarh (M Corp.),137126
CHHATTISGARH,Korba (M Corp.),363390
CHHATTISGARH,Bilaspur (M Corp.),331030
CHHATTISGARH,Rajnandgaon (M Corp.),163114
CHHATTISGARH,Durg (M Corp.),268806
CHHATTISGARH,Jagdalpur (M Corp.),125463
DELHI,NDMC,257803
GUJARAT,Bhuj (M),143286
GUJARAT,Gandhidham (M),247992
GUJARAT,Palanpur (M),122344
GUJARAT,Deesa (M),111160
GUJARAT,Patan (M),125497
GUJARAT,Mahesana (M),184991
GUJARAT,Kalol (M),113153
GUJARAT,Gandhinagar (NA),206167
GUJARAT,Surendranagar Dudhrej (M),177851
GUJARAT,Morvi (M),194947
GUJARAT,Gondal (M),112197
GUJARAT,Jetpur Navagadh (M),118302
GUJARAT,Jamnagar (M Corp.),479920
GUJARAT,Porbandar (M),151770
GUJARAT,Junagadh (M Corp.),319462
GUJARAT,Veraval (M),154636
GUJARAT,Amreli (M),105573
GUJARAT,Botad (M),130327
GUJARAT,Anand (M),198282
GUJARAT,Nadiad (M),218095
GUJARAT,Godhra (M),143644
GUJARAT,Bharuch (M),169007
GUJARAT,Navsari (M),160941
GUJARAT,Valsad (M),114636
GUJARAT,Vapi (M),163630
HARYANA,Panchkula (M Cl),211355
HARYANA,Ambala (M Cl),195153
HARYANA,Ambala Sadar (M Cl),103093
HARYANA,Jagadhri (M Cl),124894
HARYANA,Yamunanagar (M Cl),216677
HARYANA,Thanesar (M Cl),155152
HARYANA,Kaithal (M Cl),144915
HARYANA,Karnal (M Cl),286827
HARYANA,Panipat (M Cl),294292
HARYANA,Sonipat (M Cl),278149
HARYANA,Jind (M Cl),167592
HARYANA,Sirsa (M Cl),182534
HARYANA,Hisar (M Cl),301383
HARYANA,Bhiwani (M Cl),196057
HARYANA,Rohtak (M Cl),374292
HARYANA,Bahadurgarh (M Cl),170767
HARYANA,Rewari (M Cl),143021
HARYANA,Palwal (M Cl),128730
HIMACHAL PRADESH,Shimla (M Corp.),169578
JAMMU AND KASHMIR,Anantnag (M Cl),109433
JHARKHAND,Giridih (Nagar Parishad),114533
JHARKHAND,Deoghar  (M Corp.),203123
JHARKHAND,Chas (Nagar Parishad),141640
JHARKHAND,Mango (NAC),223805
JHARKHAND,Hazaribag (Nagar Parishad),142489
JHARKHAND,Adityapur (Nagar Parishad),174355
KARNATAKA,Belgaum (M Corp.),488157
KARNATAKA,Bagalkot (CMC),111933
KARNATAKA,Bijapur (CMC),327427
KARNATAKA,Bidar (CMC),214373
KARNATAKA,Raichur (CMC),234073
KARNATAKA,Gangawati (CMC),105529
KARNATAKA,Gadag-Betigeri (CMC),172612
KARNATAKA,Ranibennur (CMC),106406
KARNATAKA,Hospet (CMC),206167
KARNATAKA,Bellary (M Corp.),410445
KARNATAKA,Chitradurga (CMC),140206
KARNATAKA,Davanagere (M Corp.),434971
KARNATAKA,Shimoga (CMC),322650
KARNATAKA,Bhadravati (CMC),151102
KARNATAKA,Udupi (CMC),125306
KARNATAKA,Chikmagalur (CMC),118401
KARNATAKA,Tumkur (CMC),302143
KARNATAKA,Mandya (CMC),137358
KARNATAKA,Hassan (CMC),133436
KARNATAKA,Mangalore (M Corp.),488968
KARNATAKA,Kolar (CMC),138462
KARNATAKA,Robertson Pet (CMC),143233
KERALA,Kozhikode (M Corp.),431560
KERALA,Palakkad (M),130955
KERALA,Thrissur (M Corp.),315957
KERALA,Alappuzha (M),174176
KERALA,Kollam (M Corp.),348657
MADHYA PRADESH,Morena (M),200482
MADHYA PRADESH,Bhind (M),197585
MADHYA PRADESH,Datia (M),100284
MADHYA PRADESH,Shivpuri (M),179977
MADHYA PRADESH,Chhatarpur (M),133464
MADHYA PRADESH,Sagar (M Corp.),273296
MADHYA PRADESH,Damoh (M),125101
MADHYA PRADESH,Satna (M Corp.),280222
MADHYA PRADESH,Rewa (M Corp.),235654
MADHYA PRADESH,Neemuch (M),128095
MADHYA PRADESH,Mandsaur (M),141667
MADHYA PRADESH,Ratlam (M Corp.),264914
MADHYA PRADESH,Nagda (M),100039
MADHYA PRADESH,Dewas (M Corp.),289550
MADHYA PRADESH,Pithampur (M),126200
MADHYA PRADESH,Khargone (M),106454
MADHYA PRADESH,Vidisha (M),155951
MADHYA PRADESH,Sehore (M),108909
MADHYA PRADESH,Betul (M),103330
MADHYA PRADESH,Hoshangabad (M),117988
MADHYA PRADESH,Murwara (Katni) (M Corp.),221883
MADHYA PRADESH,Chhindwara (M),138291
MADHYA PRADESH,Seoni (M),102343
MADHYA PRADESH,Guna (M),180935
MADHYA PRADESH,Singrauli (M Corp.),220257
MADHYA PRADESH,Khandwa (M Corp.),200738
MADHYA PRADESH,Burhanpur (M Corp.),210886
MAHARASHTRA,Nandurbar (M Cl),111037
MAHARASHTRA,Dhule (M Corp.) ,375559
MAHARASHTRA,Bhusawal (M Cl) ,187421
MAHARASHTRA,Jalgaon (M Corp.),460228
MAHARASHTRA,Akola (M Corp.),425817
MAHARASHTRA,Achalpur (M Cl),112311
MAHARASHTRA,Wardha (M Cl),106444
MAHARASHTRA,Hinganghat (M Cl),101805
MAHARASHTRA,Gondiya (M Cl),132813
MAHARASHTRA,Chandrapur (M Cl),320379
MAHARASHTRA,Yavatmal (M Cl),116551
MAHARASHTRA,Parbhani (M Cl),307170
MAHARASHTRA,Jalna (M Cl),285577
MAHARASHTRA,Malegaon (M Corp.),471312
MAHARASHTRA,Badlapur (M Cl),174226
MAHARASHTRA,Ambarnath(M Cl),253475
MAHARASHTRA,Panvel (M Cl),180020
MAHARASHTRA,Ahmadnagar (M Corp.),350859
MAHARASHTRA,Bid (M Cl),146709
MAHARASHTRA,Latur (M Cl),382940
MAHARASHTRA,Udgir (M Cl),103550
MAHARASHTRA,Osmanabad (M Cl),111825
MAHARASHTRA,Barshi (M Cl),118722
MAHARASHTRA,Satara (M Cl),120195
MAHARASHTRA,Ichalkaranji (M Cl),287353
MANIPUR,Imphal (MCI) ,268243
MEGHALAYA,Shillong (MB),143229
MIZORAM,Aizawl (NT),293416
NAGALAND,Dimapur (MC),122834
ODISHA,Sambalpur (M),184000
ODISHA,Raurkela (M),272721
ODISHA,Baripada (M),109743
ODISHA,Baleshwar (M),118162
ODISHA,Bhadrak (M),107463
ODISHA,Puri (M),200564
ODISHA,Brahmapur (M Corp.),356598
PUDUCHERRY,Puducherry (M),244377
PUDUCHERRY,Ozhukarai (M),300104
PUNJAB,Pathankot (M Cl),148937
PUNJAB,Batala (M Cl),156619
PUNJAB,Hoshiarpur (M Cl),168653
PUNJAB,Khanna (M Cl),128137
PUNJAB,Moga (M Cl),150411
PUNJAB,Firozpur (M Cl),110313
PUNJAB,Abohar (M Cl),145302
PUNJAB,Muktsar (M Cl),116747
PUNJAB,Bathinda (M Corp.),285788
PUNJAB,Patiala (M Corp.),406192
PUNJAB,S.A.S. Nagar (Mohali) (M Cl),146213
PUNJAB,Malerkotla (M Cl),135424
PUNJAB,Barnala (M Cl),116449
RAJASTHAN,Ganganagar (M Cl),224532
RAJASTHAN,Hanumangarh (M Cl),150958
RAJASTHAN,Churu (M Cl),119856
RAJASTHAN,Sujangarh (M),101523
RAJASTHAN,Jhunjhunun (M Cl),118473
RAJASTHAN,Bhiwadi (M),104921
RAJASTHAN,Alwar (M Cl),315379
RAJASTHAN,Bharatpur (M Cl)  ,252342
RAJASTHAN,Dhaulpur (M),125989
RAJASTHAN,Hindaun (M),105452
RAJASTHAN,Gangapur City (M),119090
RAJASTHAN,Sawai Madhopur (M),121106
RAJASTHAN,Sikar (M Cl),237532
RAJASTHAN,Nagaur (M),102872
RAJASTHAN,Pali (M Cl),230075
RAJASTHAN,Kishangarh (M Cl),154886
RAJASTHAN,Beawar (M Cl),145504
RAJASTHAN,Tonk (M Cl),165294
RAJASTHAN,Bundi (M),103286
RAJASTHAN,Bhilwara (M Cl),359483
RAJASTHAN,Chittaurgarh (M),116406
RAJASTHAN,Baran (M),117992
RAJASTHAN,Udaipur (M Cl),451100
SIKKIM,Gangtok (M Corp.),100286
TAMIL NADU,Avadi (M),345996
TAMIL NADU,Ambattur (M),466205
TAMIL NADU,Tiruvottiyur (M),249446
TAMIL NADU,Madavaram (M),119105
TAMIL NADU,Tambaram (M),174787
TAMIL NADU,Alandur (M),164430
TAMIL NADU,Pallavaram (M),215417
TAMIL NADU,Kancheepuram (M),164384
TAMIL NADU,Vellore (M. Corp),185803
TAMIL NADU,Ambur (M),114608
TAMIL NADU,Tiruvannamalai (M),145278
TAMIL NADU,Erode (M.Corp),157101
TAMIL NADU,Dindigul (M),207327
TAMIL NADU,Cuddalore (M),173636
TAMIL NADU,Nagapattinam (M),102905
TAMIL NADU,Kumbakonam (M),140156
TAMIL NADU,Thanjavur (M),222943
TAMIL NADU,Pudukkottai (M),117630
TAMIL NADU,Karaikkudi (M),106714
TAMIL NADU,Rajapalayam (M),130442
TAMIL NADU,Thoothukkudi (M Corp.),237830
TAMIL NADU,Tirunelveli (M Corp.),473637
TAMIL NADU,Nagercoil (M),224849
TAMIL NADU,Hosur (M),116821
TAMIL NADU,Kurichi (M),123667
TAMIL NADU,Tiruppur (M.Corp),444352
TELANGANA,Adilabad (M),117167
TELANGANA,Nizamabad (M Corp.),311152
TELANGANA,Ramagundam (M),229644
TELANGANA,Karimnagar (M Corp.),261185
TELANGANA,Mahbubnagar (M),157733
TELANGANA,Suryapet (M),105531
TELANGANA,Nalgonda (M),135744
TELANGANA,Miryalaguda (M),103817
TELANGANA,Khammam (M),184210
TRIPURA,Agartala (M Cl),400004
UTTAR PRADESH,Shamli (NPP),107266
UTTAR PRADESH,Muzaffarnagar (NPP),392768
UTTAR PRADESH,Sambhal (NPP),220813
UTTAR PRADESH,Chandausi (NPP),114383
UTTAR PRADESH,Rampur (NPP),325313
UTTAR PRADESH,Amroha (NPP),198471
UTTAR PRADESH,Baraut (NPP),103764
UTTAR PRADESH,Modinagar (NPP),130325
UTTAR PRADESH,Hapur (NPP),262983
UTTAR PRADESH,Bulandshahr (NPP),222519
UTTAR PRADESH,Khurja (NPP),111062
UTTAR PRADESH,Hathras (NPP),135594
UTTAR PRADESH,Mathura (NPP),349909
UTTAR PRADESH,Shikohabad (NPP),107404
UTTAR PRADESH,Mainpuri (NPP),120400
UTTAR PRADESH,Budaun (NPP),159285
UTTAR PRADESH,Pilibhit (NPP),127988
UTTAR PRADESH,Shahjahanpur (NPP),329736
UTTAR PRADESH,Lakhimpur (NPP),151993
UTTAR PRADESH,Sitapur (NPP),177234
UTTAR PRADESH,Hardoi (NPP),126851
UTTAR PRADESH,Unnao (NPP),177658
UTTAR PRADESH,Rae Bareli (NPP),191316
UTTAR PRADESH,Farrukhabad-cum-Fatehgarh (NPP),276581
UTTAR PRADESH,Etawah (NPP),256838
UTTAR PRADESH,Orai (NPP),187137
UTTAR PRADESH,Lalitpur (NPP),133305
UTTAR PRADESH,Banda (NPP),154428
UTTAR PRADESH,Fatehpur (NPP),193193
UTTAR PRADESH,Faizabad (NPP),165228
UTTAR PRADESH,Akbarpur (NPP),111447
UTTAR PRADESH,Sultanpur (NPP),107640
UTTAR PRADESH,Bahraich (NPP),186223
UTTAR PRADESH,Gonda (NPP),114046
UTTAR PRADESH,Basti (NPP),114657
UTTAR PRADESH,Deoria (NPP),129479
UTTAR PRADESH,Azamgarh (NPP),110983
UTTAR PRADESH,Maunath Bhanjan (NPP),278745
UTTAR PRADESH,Ballia (NPP),104424
UTTAR PRADESH,Jaunpur (NPP),180362
UTTAR PRADESH,Ghazipur (NPP),110587
UTTAR PRADESH,Mughalsarai (NPP),109650
UTTAR PRADESH,Mirzapur-cum-Vindhyachal (NPP),234871
UTTAR PRADESH,Etah (NPP),118517
UTTAR PRADESH,Kasganj (NPP),101277
UTTARAKHAND,Haldwani-cum-Kathgodam (NPP),156078
UTTARAKHAND,Kashipur (NPP),121623
UTTARAKHAND,Rudrapur (NPP),140857
UTTARAKHAND,Roorkee (NPP),118200
UTTARAKHAND,Hardwar (NPP),228832
WEST BENGAL,Darjiling (M),118805
WEST BENGAL,Jalpaiguri (M),107341
WEST BENGAL,Raiganj (M),183612
WEST BENGAL,Balurghat (M),151416
WEST BENGAL,English Bazar (M),205521
WEST BENGAL,Berhampore (M),195223
WEST BENGAL,Kulti (M),313809
WEST BENGAL,Jamuria (M),145276
WEST BENGAL,Raniganj (M),129441
WEST BENGAL,Barddhaman (M),314265
WEST BENGAL,Nabadwip (M),125543
WEST BENGAL,Krishnanagar (M),153062
WEST BENGAL,Santipur (M),151777
WEST BENGAL,Kalyani (M),100575
WEST BENGAL,Bongaon (M),108864
WEST BENGAL,Halisahar (M),124939
WEST BENGAL,Kanchrapara (M),120345
WEST BENGAL,Naihati (M),217900
WEST BENGAL,Bhatpara (M),383762
WEST BENGAL,Habra (M),147221
WEST BENGAL,Ashokenagar Kalyangarh (M),121592
WEST BENGAL,North Barrackpore (M),132806
WEST BENGAL,Barrackpore (M),152783
WEST BENGAL,Titagarh (M),116541
WEST BENGAL,Khardah (M),108496
WEST BENGAL,Panihati (M),377347
WEST BENGAL,Barasat (M),278435
WEST BENGAL,Madhyamgram (M),196127
WEST BENGAL,North DumDum (M),249142
WEST BENGAL,Kamarhati (M),330211
WEST BENGAL,Baranagar (M),245213
WEST BENGAL,Dum Dum (M),114786
WEST BENGAL,South DumDum (M),403316
WEST BENGAL,Rajarhat Gopalpur (M),402844
WEST BENGAL,Bidhannagar (M),215514
WEST BENGAL,Basirhat (M),125254
WEST BENGAL,Bansberia (M),103920
WEST BENGAL,Hugli-Chinsurah (M),177259
WEST BENGAL,Chandannagar (M Corp),166867
WEST BENGAL,Bhadreswar (M),101477
WEST BENGAL,Champdani (M),111251
WEST BENGAL,Baidyabati (M),121110
WEST BENGAL,Serampore (M),181842
WEST BENGAL,Rishra (M),124577
WEST BENGAL,Uttarpara Kotrung (M),159147
WEST BENGAL,Bankura (M),137386
WEST BENGAL,Puruliya (M),121067
WEST BENGAL,Bally (M),293373
WEST BENGAL,Uluberia (M),222240
WEST BENGAL,Maheshtala (M),448317
WEST BENGAL,Rajpur Sonarpur (M),424368
WEST BENGAL,Medinipur (M),169264
WEST BENGAL,Kharagpur (M),207604
WEST BENGAL,Haldia (M),200827
WEST BENGAL,Rajpur Sonarpur (M),424368
WEST BENGAL,Medinipur (M),169264
WEST BENGAL,Kharagpur (M),207604
WEST BENGAL,Haldia (M),200827
